SET SESSION sql_mode = "";
SET SESSION sql_mode = "";
SET SESSION sql_mode = "";
SET SESSION sql_mode = "";
SET SESSION sql_mode = "";
SET SESSION sql_mode = "";
SET SESSION sql_mode = "";
SET SESSION sql_mode = "";
SET SESSION sql_mode = "";
SET SESSION sql_mode = "";
SET SESSION sql_mode = "";
SET SESSION sql_mode = "";
SET SESSION sql_mode = "";
SET SESSION sql_mode = "";
SET SESSION sql_mode = "";
SET SESSION sql_mode = "";
SET SESSION sql_mode = "";
SET SESSION sql_mode = "";
SET SESSION sql_mode = "";
SET SESSION sql_mode = "";
SET SESSION sql_mode = "";
SET SESSION sql_mode = "";
SET SESSION sql_mode = "";
SET SESSION sql_mode = "";
SET SESSION sql_mode = "";
SET SESSION sql_mode = "";
INSERT INTO `front_login_session` (`username`, `role_id`, `role_name`, `name`) VALUES ('22', '4', 'Manager', 'Gopal Yadav');
SET SESSION sql_mode = "";
INSERT INTO `front_login_session` (`username`, `role_id`, `role_name`, `name`) VALUES ('22', '4', 'Manager', 'Gopal Yadav');
SET SESSION sql_mode = "";
INSERT INTO `front_login_session` (`username`, `role_id`, `role_name`, `name`) VALUES ('22', '4', 'Manager', 'Gopal Yadav');
SET SESSION sql_mode = "";
INSERT INTO `front_login_session` (`username`, `role_id`, `role_name`, `name`) VALUES ('22', '4', 'Manager', 'Gopal Yadav');
SET SESSION sql_mode = "";
INSERT INTO `front_login_session` (`username`, `role_id`, `role_name`, `name`) VALUES ('22', '4', 'Manager', 'Gopal Yadav');
SET SESSION sql_mode = "";
SET SESSION sql_mode = "";
SET SESSION sql_mode = "";
SET SESSION sql_mode = "";
SET SESSION sql_mode = "";
SET SESSION sql_mode = "";
SET SESSION sql_mode = "";
SET SESSION sql_mode = "";
SET SESSION sql_mode = "";
SET SESSION sql_mode = "";
SET SESSION sql_mode = "";
SET SESSION sql_mode = "";
SET SESSION sql_mode = "";
SET SESSION sql_mode = "";
SET SESSION sql_mode = "";
SET SESSION sql_mode = "";
SET SESSION sql_mode = "";
SET SESSION sql_mode = "";
SET SESSION sql_mode = "";
SET SESSION sql_mode = "";
SET SESSION sql_mode = "";
SET SESSION sql_mode = "";
SET SESSION sql_mode = "";
SET SESSION sql_mode = "";
SET SESSION sql_mode = "";
SET SESSION sql_mode = "";
SET SESSION sql_mode = "";
SET SESSION sql_mode = "";
SET SESSION sql_mode = "";
SET SESSION sql_mode = "";
SET SESSION sql_mode = "";
SET SESSION sql_mode = "";
SET SESSION sql_mode = "";
SET SESSION sql_mode = "";
SET SESSION sql_mode = "";
SET SESSION sql_mode = "";
SET SESSION sql_mode = "";
SET SESSION sql_mode = "";
SET SESSION sql_mode = "";
SET SESSION sql_mode = "";
SET SESSION sql_mode = "";
INSERT INTO `user_timesheet` (`timecard_ID`, `username`, `date`, `user_action`) VALUES ('TC_2222', '22', '2021-05-31', 1);
UPDATE `user_login` SET `clock_in_out` = '1'
WHERE `username` = '22';
SET SESSION sql_mode = "";
SET SESSION sql_mode = "";
SET SESSION sql_mode = "";
SET SESSION sql_mode = "";
SET SESSION sql_mode = "";
SET SESSION sql_mode = "";
SET SESSION sql_mode = "";
SET SESSION sql_mode = "";
SET SESSION sql_mode = "";
SET SESSION sql_mode = "";
SET SESSION sql_mode = "";
INSERT INTO `user_timesheet` (`timecard_ID`, `username`, `date`, `user_action`) VALUES ('TC_2222', '22', '2021-05-31', 2);
SET SESSION sql_mode = "";
SET SESSION sql_mode = "";
SET SESSION sql_mode = "";
SET SESSION sql_mode = "";
SET SESSION sql_mode = "";
SET SESSION sql_mode = "";
INSERT INTO `front_login_session` (`username`, `role_id`, `role_name`, `name`) VALUES ('22', '4', 'Manager', 'Gopal Yadav');
SET SESSION sql_mode = "";
INSERT INTO `front_login_session` (`username`, `role_id`, `role_name`, `name`) VALUES ('22', '4', 'Manager', 'Gopal Yadav');
SET SESSION sql_mode = "";
INSERT INTO `front_login_session` (`username`, `role_id`, `role_name`, `name`) VALUES ('22', '4', 'Manager', 'Gopal Yadav');
SET SESSION sql_mode = "";
INSERT INTO `front_login_session` (`username`, `role_id`, `role_name`, `name`) VALUES ('22', '4', 'Manager', 'Gopal Yadav');
SET SESSION sql_mode = "";
INSERT INTO `front_login_session` (`username`, `role_id`, `role_name`, `name`) VALUES ('22', '4', 'Manager', 'Gopal Yadav');
SET SESSION sql_mode = "";
SET SESSION sql_mode = "";
SET SESSION sql_mode = "";
SET SESSION sql_mode = "";
SET SESSION sql_mode = "";
SET SESSION sql_mode = "";
SET SESSION sql_mode = "";
SET SESSION sql_mode = "";
SET SESSION sql_mode = "";
SET SESSION sql_mode = "";
SET SESSION sql_mode = "";
SET SESSION sql_mode = "";
SET SESSION sql_mode = "";
SET SESSION sql_mode = "";
SET SESSION sql_mode = "";
SET SESSION sql_mode = "";
INSERT INTO `user_timesheet` (`timecard_ID`, `username`, `date`, `user_action`) VALUES ('TC_2222', '22', '2021-06-01', 1);
UPDATE `user_login` SET `clock_in_out` = '1'
WHERE `username` = '22';
SET SESSION sql_mode = "";
INSERT INTO `user_timesheet` (`timecard_ID`, `username`, `date`, `user_action`) VALUES ('TC_2222', '22', '2021-06-01', 2);
UPDATE `user_login` SET `clock_in_out` = '0'
WHERE `username` = '22';
SET SESSION sql_mode = "";
SET SESSION sql_mode = "";
SET SESSION sql_mode = "";
SET SESSION sql_mode = "";
SET SESSION sql_mode = "";
SET SESSION sql_mode = "";
SET SESSION sql_mode = "";
SET SESSION sql_mode = "";
INSERT INTO `user_timesheet` (`timecard_ID`, `username`, `date`, `user_action`) VALUES ('TC_2222', '22', '2021-06-01', 1);
UPDATE `user_login` SET `clock_in_out` = '1'
WHERE `username` = '22';
SET SESSION sql_mode = "";
INSERT INTO `user_timesheet` (`timecard_ID`, `username`, `date`, `user_action`) VALUES ('TC_2222', '22', '2021-06-01', 2);
UPDATE `user_login` SET `clock_in_out` = '0'
WHERE `username` = '22';
SET SESSION sql_mode = "";
SET SESSION sql_mode = "";
SET SESSION sql_mode = "";
SET SESSION sql_mode = "";
SET SESSION sql_mode = "";
SET SESSION sql_mode = "";
SET SESSION sql_mode = "";
SET SESSION sql_mode = "";
INSERT INTO `user_timesheet` (`timecard_ID`, `username`, `date`, `user_action`) VALUES ('TC_2222', '22', '2021-06-01', 1);
UPDATE `user_login` SET `clock_in_out` = '1'
WHERE `username` = '22';
SET SESSION sql_mode = "";
SET SESSION sql_mode = "";
SET SESSION sql_mode = "";
SET SESSION sql_mode = "";
SET SESSION sql_mode = "";
SET SESSION sql_mode = "";
SET SESSION sql_mode = "";
INSERT INTO `front_login_session` (`username`, `role_id`, `role_name`, `name`) VALUES ('22', '4', 'Manager', 'Gopal Yadav');
SET SESSION sql_mode = "";
INSERT INTO `front_login_session` (`username`, `role_id`, `role_name`, `name`) VALUES ('22', '4', 'Manager', 'Gopal Yadav');
SET SESSION sql_mode = "";
INSERT INTO `front_login_session` (`username`, `role_id`, `role_name`, `name`) VALUES ('22', '4', 'Manager', 'Gopal Yadav');
SET SESSION sql_mode = "";
SET SESSION sql_mode = "";
SET SESSION sql_mode = "";
SET SESSION sql_mode = "";
SET SESSION sql_mode = "";
SET SESSION sql_mode = "";
SET SESSION sql_mode = "";
SET SESSION sql_mode = "";
SET SESSION sql_mode = "";
SET SESSION sql_mode = "";
SET SESSION sql_mode = "";
SET SESSION sql_mode = "";
SET SESSION sql_mode = "";
SET SESSION sql_mode = "";
UPDATE `product_category` SET `measurement_value` = '50 ml,100 ml,300 ml,500 ml,750 ml,150 ml,375 ml,125 ml,600 ml,350 ml,20 ml,30 ml,60 ml,200 ml,250 ml,355 ml,1750 ml,946 ml ,473 ml,75 ml,10 ml,12.99 ml,24 ml, 200 ml,3 gallon,0.5 gallon,1 quart,0.5 quart'
WHERE `category_id` = '4I8XHFO8B6XYX39';
UPDATE `product_category` SET `is_last_size` = '50 ml'
WHERE `category_id` = '4I8XHFO8B6XYX39';
INSERT INTO `product_information` (`product_id`, `product_name`, `short_name`, `category_id`, `brand_id`, `size`, `supplier`, `supplier_id`, `product_details`, `producer`, `Meta_Title`, `Meta_Key`, `Meta_Desc`, `unit`, `quantity`, `abv`, `proof`, `region`, `supplier_price`, `price`, `onsale_price`, `ecomm_sale_price`, `barcode_formats`, `case_UPC`, `barcode_type`, `mpn`, `image_thumb`, `store_promotion_price`, `ecomm_promotion_price`, `status`, `Applicable_CRV`, `Applicable_Tax`, `parent_product`, `is_ecommerce`) VALUES ('RSIMNQ7Q', 'a2zpos 1', 'a2zpos 1', '4I8XHFO8B6XYX39', 'UU9HEWRC2OQTQ1G', '50 ml', NULL, NULL, 'Details Details Details ', '', 'a2zpos 1', 'a2zpos, a2zpos 2', 'a2zpos 1, a2zpos 2', '1', '10', '', '', '', '25.00', '25.00', '28.74', '100.00', '', '78958547685958', '', '', './uploads/products/600px-No_image_available.svg (2).png', '2500.00', '150.00', 1, '0', '1', '', '1');
SET SESSION sql_mode = "";
SET SESSION sql_mode = "";
SET SESSION sql_mode = "";
SET SESSION sql_mode = "";
SET SESSION sql_mode = "";
SET SESSION sql_mode = "";
SET SESSION sql_mode = "";
SET SESSION sql_mode = "";
SET SESSION sql_mode = "";
SET SESSION sql_mode = "";
SET SESSION sql_mode = "";
SET SESSION sql_mode = "";
SET SESSION sql_mode = "";
SET SESSION sql_mode = "";
SET SESSION sql_mode = "";
UPDATE `product_category` SET `measurement_value` = '50 ml,100 ml,300 ml,500 ml,750 ml,150 ml,375 ml,125 ml,600 ml,350 ml,20 ml,30 ml,60 ml,200 ml,250 ml,355 ml,1750 ml,946 ml ,473 ml,75 ml,10 ml,12.99 ml,24 ml, 200 ml,3 gallon,0.5 gallon,1 quart,0.5 quart'
WHERE `category_id` = '4I8XHFO8B6XYX39';
UPDATE `product_category` SET `is_last_size` = '50 ml'
WHERE `category_id` = '4I8XHFO8B6XYX39';
INSERT INTO `product_information` (`product_id`, `product_name`, `short_name`, `category_id`, `brand_id`, `size`, `supplier`, `supplier_id`, `product_details`, `producer`, `Meta_Title`, `Meta_Key`, `Meta_Desc`, `unit`, `quantity`, `abv`, `proof`, `region`, `supplier_price`, `price`, `onsale_price`, `ecomm_sale_price`, `barcode_formats`, `case_UPC`, `barcode_type`, `mpn`, `image_thumb`, `store_promotion_price`, `ecomm_promotion_price`, `status`, `Applicable_CRV`, `Applicable_Tax`, `parent_product`) VALUES ('YAS2KAPA', 'ecommerc pro1', 'ecommerc pro2', '4I8XHFO8B6XYX39', 'UU9HEWRC2OQTQ1G', '50 ml', NULL, NULL, '', '', '', '', '', '1', '10', '', '', '', '25.00', '25', '28.74', '', '', '446564646456464', '', '', './uploads/products/600px-No_image_available.svg (2).png', '', '', 1, '0', '1', '');
SET SESSION sql_mode = "";
SET SESSION sql_mode = "";
SET SESSION sql_mode = "";
SET SESSION sql_mode = "";
SET SESSION sql_mode = "";
SET SESSION sql_mode = "";
SET SESSION sql_mode = "";
SET SESSION sql_mode = "";
SET SESSION sql_mode = "";
SET SESSION sql_mode = "";
SET SESSION sql_mode = "";
SET SESSION sql_mode = "";
SET SESSION sql_mode = "";
SET SESSION sql_mode = "";
UPDATE `product_category` SET `measurement_value` = '50 ml,100 ml,300 ml,500 ml,750 ml,150 ml,375 ml,125 ml,600 ml,350 ml,20 ml,30 ml,60 ml,200 ml,250 ml,355 ml,1750 ml,946 ml ,473 ml,75 ml,10 ml,12.99 ml,24 ml, 200 ml,3 gallon,0.5 gallon,1 quart,0.5 quart'
WHERE `category_id` = '4I8XHFO8B6XYX39';
UPDATE `product_category` SET `is_last_size` = '50 ml'
WHERE `category_id` = '4I8XHFO8B6XYX39';
INSERT INTO `product_information` (`product_id`, `product_name`, `short_name`, `category_id`, `brand_id`, `size`, `supplier`, `supplier_id`, `product_details`, `producer`, `Meta_Title`, `Meta_Key`, `Meta_Desc`, `unit`, `quantity`, `abv`, `proof`, `region`, `supplier_price`, `price`, `onsale_price`, `ecomm_sale_price`, `barcode_formats`, `case_UPC`, `barcode_type`, `mpn`, `image_thumb`, `store_promotion_price`, `ecomm_promotion_price`, `status`, `Applicable_CRV`, `Applicable_Tax`, `parent_product`) VALUES ('D3C9P8WB', 'IM 1', 'IM 2', '4I8XHFO8B6XYX39', 'UU9HEWRC2OQTQ1G', '50 ml', NULL, NULL, '', '', '', '', '', '1', '10', '', '', '', '25.00', '25', '28.74', '', '', '894739flshfd', '', '', './uploads/products/600px-No_image_available.svg (2).png', '', '', 1, '0', '1', '');
SET SESSION sql_mode = "";
UPDATE `product_category` SET `measurement_value` = '50 ml,100 ml,300 ml,500 ml,750 ml,150 ml,375 ml,125 ml,600 ml,350 ml,20 ml,30 ml,60 ml,200 ml,250 ml,355 ml,1750 ml,946 ml ,473 ml,75 ml,10 ml,12.99 ml,24 ml, 200 ml,3 gallon,0.5 gallon,1 quart,0.5 quart'
WHERE `category_id` = '4I8XHFO8B6XYX39';
UPDATE `product_category` SET `is_last_size` = '50 ml'
WHERE `category_id` = '4I8XHFO8B6XYX39';
INSERT INTO `product_information` (`product_id`, `product_name`, `short_name`, `category_id`, `brand_id`, `size`, `supplier`, `supplier_id`, `product_details`, `producer`, `Meta_Title`, `Meta_Key`, `Meta_Desc`, `unit`, `quantity`, `abv`, `proof`, `region`, `supplier_price`, `price`, `onsale_price`, `ecomm_sale_price`, `barcode_formats`, `case_UPC`, `barcode_type`, `mpn`, `image_thumb`, `store_promotion_price`, `ecomm_promotion_price`, `status`, `Applicable_CRV`, `Applicable_Tax`, `parent_product`) VALUES ('5TYEUFFO', 'IM 1', 'IM 2', '4I8XHFO8B6XYX39', 'UU9HEWRC2OQTQ1G', '50 ml', NULL, NULL, '', '', '', '', '', '1', '10', '', '', '', '25.00', '25', '28.74', '', '', '894739flshfd', '', '', './uploads/products/600px-No_image_available.svg (2).png', '', '', 1, '0', '1', '');
SET SESSION sql_mode = "";
UPDATE `product_category` SET `measurement_value` = '50 ml,100 ml,300 ml,500 ml,750 ml,150 ml,375 ml,125 ml,600 ml,350 ml,20 ml,30 ml,60 ml,200 ml,250 ml,355 ml,1750 ml,946 ml ,473 ml,75 ml,10 ml,12.99 ml,24 ml, 200 ml,3 gallon,0.5 gallon,1 quart,0.5 quart'
WHERE `category_id` = '4I8XHFO8B6XYX39';
UPDATE `product_category` SET `is_last_size` = '50 ml'
WHERE `category_id` = '4I8XHFO8B6XYX39';
INSERT INTO `product_information` (`product_id`, `product_name`, `short_name`, `category_id`, `brand_id`, `size`, `supplier`, `supplier_id`, `product_details`, `producer`, `Meta_Title`, `Meta_Key`, `Meta_Desc`, `unit`, `quantity`, `abv`, `proof`, `region`, `supplier_price`, `price`, `onsale_price`, `ecomm_sale_price`, `barcode_formats`, `case_UPC`, `barcode_type`, `mpn`, `image_thumb`, `store_promotion_price`, `ecomm_promotion_price`, `status`, `Applicable_CRV`, `Applicable_Tax`, `parent_product`) VALUES ('CW9ZVESX', 'IM 1', 'IM 2', '4I8XHFO8B6XYX39', 'UU9HEWRC2OQTQ1G', '50 ml', NULL, NULL, '', '', '', '', '', '1', '10', '', '', '', '25.00', '25', '28.74', '', '', '894739flshfd', '', '', './uploads/products/600px-No_image_available.svg (2).png', '', '', 1, '0', '1', '');
SET SESSION sql_mode = "";
SET SESSION sql_mode = "";
SET SESSION sql_mode = "";
SET SESSION sql_mode = "";
SET SESSION sql_mode = "";
SET SESSION sql_mode = "";
SET SESSION sql_mode = "";
SET SESSION sql_mode = "";
SET SESSION sql_mode = "";
SET SESSION sql_mode = "";
SET SESSION sql_mode = "";
SET SESSION sql_mode = "";
SET SESSION sql_mode = "";
SET SESSION sql_mode = "";
SET SESSION sql_mode = "";
SET SESSION sql_mode = "";
SET SESSION sql_mode = "";
UPDATE `product_category` SET `measurement_value` = '50 ml,100 ml,300 ml,500 ml,750 ml,150 ml,375 ml,125 ml,600 ml,350 ml,20 ml,30 ml,60 ml,200 ml,250 ml,355 ml,1750 ml,946 ml ,473 ml,75 ml,10 ml,12.99 ml,24 ml, 200 ml,3 gallon,0.5 gallon,1 quart,0.5 quart'
WHERE `category_id` = '9Z2E57U4RC1YM6B';
UPDATE `product_category` SET `is_last_size` = '750 ml'
WHERE `category_id` = '9Z2E57U4RC1YM6B';
INSERT INTO `product_information` (`product_id`, `product_name`, `short_name`, `category_id`, `brand_id`, `size`, `supplier`, `supplier_id`, `product_details`, `producer`, `Meta_Title`, `Meta_Key`, `Meta_Desc`, `unit`, `quantity`, `abv`, `proof`, `region`, `supplier_price`, `price`, `onsale_price`, `ecomm_sale_price`, `barcode_formats`, `case_UPC`, `barcode_type`, `mpn`, `image_thumb`, `store_promotion_price`, `ecomm_promotion_price`, `status`, `Applicable_CRV`, `Applicable_Tax`, `parent_product`) VALUES ('GCLRFUHE', 'Akil Pro 1', 'Akil Pro 1', '9Z2E57U4RC1YM6B', 'O8UHHT2JDCAVXMB', '750 ml', 'Craft San Diego', '3EJEJ294AV6T4BQ87H82', 'Akil Pro 1', 'Hamilton', 'Akil Pro 1', 'Akil Pro 1', 'Akil Pro 1', '12', '24', '', '', '', '21.11', '21.11', '32.99', '27.42', 'UPC 000513072907, EAN 0000513072907', '12456789987654321', 'UPC', 'FL92886', './uploads/products/600px-No_image_available.svg (2).png', '', '28.55', 1, '0', '1', '');
SET SESSION sql_mode = "";
SET SESSION sql_mode = "";
SET SESSION sql_mode = "";
SET SESSION sql_mode = "";
SET SESSION sql_mode = "";
SET SESSION sql_mode = "";
SET SESSION sql_mode = "";
SET SESSION sql_mode = "";
SET SESSION sql_mode = "";
SET SESSION sql_mode = "";
SET SESSION sql_mode = "";
SET SESSION sql_mode = "";
SET SESSION sql_mode = "";
SET SESSION sql_mode = "";
SET SESSION sql_mode = "";
UPDATE `product_category` SET `measurement_value` = '50 ml,100 ml,300 ml,500 ml,750 ml,150 ml,375 ml,125 ml,600 ml,350 ml,20 ml,30 ml,60 ml,200 ml,250 ml,355 ml,1750 ml,946 ml ,473 ml,75 ml,10 ml,12.99 ml,24 ml, 200 ml,3 gallon,0.5 gallon,1 quart,0.5 quart'
WHERE `category_id` = '9Z2E57U4RC1YM6B';
UPDATE `product_category` SET `is_last_size` = '750 ml'
WHERE `category_id` = '9Z2E57U4RC1YM6B';
INSERT INTO `product_information` (`product_id`, `product_name`, `short_name`, `category_id`, `brand_id`, `size`, `supplier`, `supplier_id`, `product_details`, `producer`, `Meta_Title`, `Meta_Key`, `Meta_Desc`, `unit`, `quantity`, `abv`, `proof`, `region`, `supplier_price`, `price`, `onsale_price`, `ecomm_sale_price`, `barcode_formats`, `case_UPC`, `barcode_type`, `mpn`, `image_thumb`, `store_promotion_price`, `ecomm_promotion_price`, `status`, `Applicable_CRV`, `Applicable_Tax`, `parent_product`) VALUES ('BQFBOBS7', 'Akil Pro 2', 'Akil Pro 2', '9Z2E57U4RC1YM6B', 'O8UHHT2JDCAVXMB', '750 ml', 'Craft San Diego', '3EJEJ294AV6T4BQ87H82', 'Akil Pro 2', 'Hamilton', 'Akil Pro 2', 'Akil Pro 2', 'Akil Pro 2', '12', '24', '', '', '', '21.11', '21.11', '32.99', '25.00', 'UPC 000513072907, EAN 0000513072907', '789586478', 'UPC', 'FL92886', './uploads/products/600px-No_image_available.svg (2).png', '', '14.00', 1, '0', '1', '');
SET SESSION sql_mode = "";
UPDATE `product_category` SET `measurement_value` = '50 ml,100 ml,300 ml,500 ml,750 ml,150 ml,375 ml,125 ml,600 ml,350 ml,20 ml,30 ml,60 ml,200 ml,250 ml,355 ml,1750 ml,946 ml ,473 ml,75 ml,10 ml,12.99 ml,24 ml, 200 ml,3 gallon,0.5 gallon,1 quart,0.5 quart'
WHERE `category_id` = '9Z2E57U4RC1YM6B';
UPDATE `product_category` SET `is_last_size` = '750 ml'
WHERE `category_id` = '9Z2E57U4RC1YM6B';
INSERT INTO `product_information` (`product_id`, `product_name`, `short_name`, `category_id`, `brand_id`, `size`, `supplier`, `supplier_id`, `product_details`, `producer`, `Meta_Title`, `Meta_Key`, `Meta_Desc`, `unit`, `quantity`, `abv`, `proof`, `region`, `supplier_price`, `price`, `onsale_price`, `ecomm_sale_price`, `barcode_formats`, `case_UPC`, `barcode_type`, `mpn`, `image_thumb`, `store_promotion_price`, `ecomm_promotion_price`, `status`, `Applicable_CRV`, `Applicable_Tax`, `parent_product`) VALUES ('4Y5PK37Y', 'Akil Pro 2', 'Akil Pro 2', '9Z2E57U4RC1YM6B', 'O8UHHT2JDCAVXMB', '750 ml', 'Craft San Diego', '3EJEJ294AV6T4BQ87H82', 'Akil Pro 2', 'Hamilton', 'Akil Pro 2', 'Akil Pro 2', 'Akil Pro 2', '12', '24', '', '', '', '21.11', '21.11', '32.99', '25.00', 'UPC 000513072907, EAN 0000513072907', '789586478', 'UPC', 'FL92886', './uploads/products/600px-No_image_available.svg (2).png', '', '14.00', 1, '0', '1', '');
SET SESSION sql_mode = "";
UPDATE `product_category` SET `measurement_value` = '50 ml,100 ml,300 ml,500 ml,750 ml,150 ml,375 ml,125 ml,600 ml,350 ml,20 ml,30 ml,60 ml,200 ml,250 ml,355 ml,1750 ml,946 ml ,473 ml,75 ml,10 ml,12.99 ml,24 ml, 200 ml,3 gallon,0.5 gallon,1 quart,0.5 quart'
WHERE `category_id` = '9Z2E57U4RC1YM6B';
UPDATE `product_category` SET `is_last_size` = '750 ml'
WHERE `category_id` = '9Z2E57U4RC1YM6B';
INSERT INTO `product_information` (`product_id`, `product_name`, `short_name`, `category_id`, `brand_id`, `size`, `supplier`, `supplier_id`, `product_details`, `producer`, `Meta_Title`, `Meta_Key`, `Meta_Desc`, `unit`, `quantity`, `abv`, `proof`, `region`, `supplier_price`, `price`, `onsale_price`, `ecomm_sale_price`, `barcode_formats`, `case_UPC`, `barcode_type`, `mpn`, `image_thumb`, `store_promotion_price`, `ecomm_promotion_price`, `status`, `Applicable_CRV`, `Applicable_Tax`, `parent_product`) VALUES ('1G3A2CB5', 'Akil Pro 2', 'Akil Pro 2', '9Z2E57U4RC1YM6B', 'O8UHHT2JDCAVXMB', '750 ml', 'Craft San Diego', '3EJEJ294AV6T4BQ87H82', 'Akil Pro 2', 'Hamilton', 'Akil Pro 2', 'Akil Pro 2', 'Akil Pro 2', '12', '24', '', '', '', '21.11', '21.11', '32.99', '25.00', 'UPC 000513072907, EAN 0000513072907', '789586478', 'UPC', 'FL92886', './uploads/products/600px-No_image_available.svg (2).png', '', '14.00', 1, '0', '1', '');
SET SESSION sql_mode = "";
UPDATE `product_category` SET `measurement_value` = '50 ml,100 ml,300 ml,500 ml,750 ml,150 ml,375 ml,125 ml,600 ml,350 ml,20 ml,30 ml,60 ml,200 ml,250 ml,355 ml,1750 ml,946 ml ,473 ml,75 ml,10 ml,12.99 ml,24 ml, 200 ml,3 gallon,0.5 gallon,1 quart,0.5 quart'
WHERE `category_id` = '9Z2E57U4RC1YM6B';
UPDATE `product_category` SET `is_last_size` = '750 ml'
WHERE `category_id` = '9Z2E57U4RC1YM6B';
INSERT INTO `product_information` (`product_id`, `product_name`, `short_name`, `category_id`, `brand_id`, `size`, `supplier`, `supplier_id`, `product_details`, `producer`, `Meta_Title`, `Meta_Key`, `Meta_Desc`, `unit`, `quantity`, `abv`, `proof`, `region`, `supplier_price`, `price`, `onsale_price`, `ecomm_sale_price`, `barcode_formats`, `case_UPC`, `barcode_type`, `mpn`, `image_thumb`, `store_promotion_price`, `ecomm_promotion_price`, `status`, `Applicable_CRV`, `Applicable_Tax`, `parent_product`) VALUES ('AFW9KUSV', 'Akil Pro 2', 'Akil Pro 2', '9Z2E57U4RC1YM6B', 'O8UHHT2JDCAVXMB', '750 ml', 'Craft San Diego', '3EJEJ294AV6T4BQ87H82', 'Akil Pro 2', 'Hamilton', 'Akil Pro 2', 'Akil Pro 2', 'Akil Pro 2', '12', '24', '', '', '', '21.11', '21.11', '32.99', '25.00', 'UPC 000513072907, EAN 0000513072907', '789586478', 'UPC', 'FL92886', './uploads/products/600px-No_image_available.svg (2).png', '', '14.00', 1, '0', '1', '');
SET SESSION sql_mode = "";
UPDATE `product_category` SET `measurement_value` = '50 ml,100 ml,300 ml,500 ml,750 ml,150 ml,375 ml,125 ml,600 ml,350 ml,20 ml,30 ml,60 ml,200 ml,250 ml,355 ml,1750 ml,946 ml ,473 ml,75 ml,10 ml,12.99 ml,24 ml, 200 ml,3 gallon,0.5 gallon,1 quart,0.5 quart'
WHERE `category_id` = '9Z2E57U4RC1YM6B';
UPDATE `product_category` SET `is_last_size` = '750 ml'
WHERE `category_id` = '9Z2E57U4RC1YM6B';
INSERT INTO `product_information` (`product_id`, `product_name`, `short_name`, `category_id`, `brand_id`, `size`, `supplier`, `supplier_id`, `product_details`, `producer`, `Meta_Title`, `Meta_Key`, `Meta_Desc`, `unit`, `quantity`, `abv`, `proof`, `region`, `supplier_price`, `price`, `onsale_price`, `ecomm_sale_price`, `barcode_formats`, `case_UPC`, `barcode_type`, `mpn`, `image_thumb`, `store_promotion_price`, `ecomm_promotion_price`, `status`, `Applicable_CRV`, `Applicable_Tax`, `parent_product`) VALUES ('1ICG9MN4', 'Akil Pro 2', 'Akil Pro 2', '9Z2E57U4RC1YM6B', 'O8UHHT2JDCAVXMB', '750 ml', 'Craft San Diego', '3EJEJ294AV6T4BQ87H82', 'Akil Pro 2', 'Hamilton', 'Akil Pro 2', 'Akil Pro 2', 'Akil Pro 2', '12', '24', '', '', '', '21.11', '21.11', '32.99', '25.00', 'UPC 000513072907, EAN 0000513072907', '789586478', 'UPC', 'FL92886', './uploads/products/600px-No_image_available.svg (2).png', '', '14.00', 1, '0', '1', '');
SET SESSION sql_mode = "";
UPDATE `product_category` SET `measurement_value` = ','
WHERE `category_id` IS NULL;
INSERT INTO `product_information` (`product_id`, `product_name`, `short_name`, `category_id`, `brand_id`, `size`, `supplier`, `supplier_id`, `product_details`, `producer`, `Meta_Title`, `Meta_Key`, `Meta_Desc`, `unit`, `quantity`, `abv`, `proof`, `region`, `supplier_price`, `price`, `onsale_price`, `ecomm_sale_price`, `barcode_formats`, `case_UPC`, `barcode_type`, `mpn`, `image_thumb`, `store_promotion_price`, `ecomm_promotion_price`, `status`, `Applicable_CRV`, `Applicable_Tax`, `parent_product`, `is_ecommerce`) VALUES ('5VP6MGEB', NULL, NULL, '0', 'O8UHHT2JDCAVXMB', NULL, NULL, NULL, NULL, NULL, NULL, NULL, NULL, NULL, NULL, NULL, NULL, NULL, '0.00', '0', NULL, NULL, NULL, NULL, NULL, NULL, './uploads/products/600px-No_image_available.svg (2).png', NULL, NULL, 1, '0', '0', '', '0');
SET SESSION sql_mode = "";
SET SESSION sql_mode = "";
SET SESSION sql_mode = "";
SET SESSION sql_mode = "";
SET SESSION sql_mode = "";
SET SESSION sql_mode = "";
SET SESSION sql_mode = "";
SET SESSION sql_mode = "";
SET SESSION sql_mode = "";
SET SESSION sql_mode = "";
SET SESSION sql_mode = "";
SET SESSION sql_mode = "";
SET SESSION sql_mode = "";
SET SESSION sql_mode = "";
SET SESSION sql_mode = "";
UPDATE `product_category` SET `measurement_value` = '50 ml,100 ml,300 ml,500 ml,750 ml,150 ml,6 oz,12 oz,13.2 oz,375 ml,11 oz,13 oz,14 oz,15 oz,16 oz,20 oz,22 oz,24 oz,32 oz'
WHERE `category_id` = 'SGWB94MAE1AA96H';
UPDATE `product_category` SET `is_last_size` = '6 oz'
WHERE `category_id` = 'SGWB94MAE1AA96H';
INSERT INTO `product_information` (`product_id`, `product_name`, `short_name`, `category_id`, `brand_id`, `size`, `supplier`, `supplier_id`, `product_details`, `producer`, `Meta_Title`, `Meta_Key`, `Meta_Desc`, `unit`, `quantity`, `abv`, `proof`, `region`, `supplier_price`, `price`, `onsale_price`, `ecomm_sale_price`, `barcode_formats`, `case_UPC`, `barcode_type`, `mpn`, `image_thumb`, `store_promotion_price`, `ecomm_promotion_price`, `status`, `Applicable_CRV`, `Applicable_Tax`, `parent_product`, `is_ecommerce`) VALUES ('Z4SAEFUK', 'Hamilton Jamaican Pot Still Black Rum Dark - 750ml Bottle', 'Hami', 'SGWB94MAE1AA96H', 'UU9HEWRC2OQTQ1G', '6 oz', 'lunavo', 'I48V3ZBY5OCORSNYQ13F', '', '', 'Hamilton Jamaican Pot Still Black Rum Dark - 750ml Bottle', 'Bottle', 'Hamilton Jamaican Pot Still Black Rum Dark - 750ml Bottle', '1', '89', '', '', '', '250.00', '250.00', '550.00', '551.00', '', '498375983475983', '', '', './uploads/products/600px-No_image_available.svg (2).png', '250.00', '', 1, '1', '1', '', '1');
SET SESSION sql_mode = "";
UPDATE `product_category` SET `measurement_value` = '50 ml,100 ml,300 ml,500 ml,750 ml,150 ml,6 oz,12 oz,13.2 oz,375 ml,11 oz,13 oz,14 oz,15 oz,16 oz,20 oz,22 oz,24 oz,32 oz'
WHERE `category_id` = 'SGWB94MAE1AA96H';
UPDATE `product_category` SET `is_last_size` = '6 oz'
WHERE `category_id` = 'SGWB94MAE1AA96H';
INSERT INTO `product_information` (`product_id`, `product_name`, `short_name`, `category_id`, `brand_id`, `size`, `supplier`, `supplier_id`, `product_details`, `producer`, `Meta_Title`, `Meta_Key`, `Meta_Desc`, `unit`, `quantity`, `abv`, `proof`, `region`, `supplier_price`, `price`, `onsale_price`, `ecomm_sale_price`, `barcode_formats`, `case_UPC`, `barcode_type`, `mpn`, `image_thumb`, `store_promotion_price`, `ecomm_promotion_price`, `status`, `Applicable_CRV`, `Applicable_Tax`, `parent_product`, `is_ecommerce`) VALUES ('N1XN89T7', 'Hamilton Jamaican Pot Still Black Rum Dark - 750ml Bottle', 'Hami', 'SGWB94MAE1AA96H', 'UU9HEWRC2OQTQ1G', '6 oz', 'lunavo', 'I48V3ZBY5OCORSNYQ13F', '', '', 'Hamilton Jamaican Pot Still Black Rum Dark - 750ml Bottle', 'Bottle', 'Hamilton Jamaican Pot Still Black Rum Dark - 750ml Bottle', '1', '89', '', '', '', '250.00', '250.00', '550.00', '551.00', '', '498375983475983', '', '', './uploads/products/600px-No_image_available.svg (2).png', '250.00', '', 1, '1', '1', '', '1');
SET SESSION sql_mode = "";
SET SESSION sql_mode = "";
SET SESSION sql_mode = "";
SET SESSION sql_mode = "";
SET SESSION sql_mode = "";
SET SESSION sql_mode = "";
SET SESSION sql_mode = "";
SET SESSION sql_mode = "";
SET SESSION sql_mode = "";
SET SESSION sql_mode = "";
SET SESSION sql_mode = "";
SET SESSION sql_mode = "";
SET SESSION sql_mode = "";
SET SESSION sql_mode = "";
SET SESSION sql_mode = "";
SET SESSION sql_mode = "";
SET SESSION sql_mode = "";
UPDATE `product_category` SET `measurement_value` = '50 ml,100 ml,300 ml,500 ml,750 ml,150 ml,6 oz,12 oz,13.2 oz,375 ml,11 oz,13 oz,14 oz,15 oz,16 oz,20 oz,22 oz,24 oz,32 oz'
WHERE `category_id` = 'SGWB94MAE1AA96H';
UPDATE `product_category` SET `is_last_size` = '6 oz'
WHERE `category_id` = 'SGWB94MAE1AA96H';
INSERT INTO `product_information` (`product_id`, `product_name`, `short_name`, `category_id`, `brand_id`, `size`, `supplier`, `supplier_id`, `product_details`, `producer`, `Meta_Title`, `Meta_Key`, `Meta_Desc`, `unit`, `quantity`, `abv`, `proof`, `region`, `supplier_price`, `price`, `onsale_price`, `ecomm_sale_price`, `barcode_formats`, `case_UPC`, `barcode_type`, `mpn`, `image_thumb`, `store_promotion_price`, `ecomm_promotion_price`, `status`, `Applicable_CRV`, `Applicable_Tax`, `parent_product`, `is_ecommerce`) VALUES ('KVIHYYER', 'Hamilton Jamaican 1', 'Hamilton Jamaican ', 'SGWB94MAE1AA96H', 'UU9HEWRC2OQTQ1G', '6 oz', 'lunavo', 'I48V3ZBY5OCORSNYQ13F', 'Hamilton Jamaican ', 'Hamilton Jamaican ', 'Hamilton Jamaican ', 'Hamilton Jamaican ', 'Hamilton Jamaican ', '1', '56', '', '', '', '250.00', '250.00', '255.00', '280.90', '', '9248029340293', '', '', './uploads/products/600px-No_image_available.svg (2).png', '', '', 1, '1', '1', '', '1');
SET SESSION sql_mode = "";
SET SESSION sql_mode = "";
SET SESSION sql_mode = "";
SET SESSION sql_mode = "";
SET SESSION sql_mode = "";
SET SESSION sql_mode = "";
SET SESSION sql_mode = "";
SET SESSION sql_mode = "";
SET SESSION sql_mode = "";
SET SESSION sql_mode = "";
SET SESSION sql_mode = "";
SET SESSION sql_mode = "";
SET SESSION sql_mode = "";
SET SESSION sql_mode = "";
SET SESSION sql_mode = "";
SET SESSION sql_mode = "";
SET SESSION sql_mode = "";
SET SESSION sql_mode = "";
SET SESSION sql_mode = "";
SET SESSION sql_mode = "";
SET SESSION sql_mode = "";
SET SESSION sql_mode = "";
SET SESSION sql_mode = "";
SET SESSION sql_mode = "";
UPDATE `product_category` SET `measurement_value` = '6 oz,12 oz,13.2 oz,11 oz,13 oz,14 oz,15 oz,16 oz,20 oz,22 oz,24 oz,32 oz,40 oz,19 oz,16.9 oz,28 oz,18 oz,3.5 oz,2.25 oz,3.6 oz,1 oz,2 oz,2.5/8 oz,3 oz,3.5/8 oz,3.1/4 oz,4 oz,4.1/4 oz,5.1/4 oz,7.3/4 oz,8 oz,8.1/2 oz,9.3/4 oz,9.9 oz,12.1/2 oz,0.08 oz,1.2 oz,1.5 oz,1.6 oz,2.2 oz,2.4 oz,2.85 oz,3.25 oz,10 oz,9 oz,7 oz,6.2 oz,5 oz,2 oz,1.75 oz,4.5 oz,2.5 oz,6.34 oz,4.22 oz,3.17 oz,3.81 oz,2.7 oz,3.38 oz,4.75 oz,3.27 oz,4.02 oz,3.82 oz,2.55 oz,3.7 oz,5.5 oz,5.19 oz,4.25 oz,2.96 oz,2.89 oz,13.7 oz,11.16 oz,6.5 oz,32 fl oz,24 fl oz,20 fl oz,28 fl oz,15.2 fl oz,15.2 oz,15.5 oz,11.5 oz, 28 oz,12 Fl oz,64 oz,21 oz,21.3 oz,16  oz, 18.5 oz,18.5 oz,23 oz,23.3 oz,12.7 oz,290 oz,120 oz ,11.2 oz ,14.9 oz ,3.3 oz ,2.75 oz,9.1/4 oz,8.5 oz,8.25 oz,5.2 oz,1.4 oz,6.75 oz,2 1/2 oz,2.3/4 oz,3.1/2 oz,1.1/4 oz,1.3/4 oz,2.7/8 oz,2.1 oz,2.36 oz,3.245 oz,2.15 oz,3.675 oz,3.1/8 oz,1.02 oz,1.84 oz,2.8 oz,1.74 oz,3.4 oz,8.4 oz,2.17 oz,1.94 oz,1.44 oz,2.80 oz,2.6 oz,1.7 oz,1.9 oz,1.3 oz,1.45 oz,1.55 oz,3.22 oz,1.66 oz,3.29 oz,1.79 oz,1.80 oz,1.76 oz,1.32 oz,2.44 oz,1.65 oz,3.75 oz,1.69 oz,2.83 oz,2.84 oz,1.114 oz,2.95 oz,2.06 oz,9.5 oz,11.3 oz,10.5 oz,4.6 oz,7.6 oz,1.25 oz,0.33 oz,0.5 oz,0.23 oz ,  3.75 oz,.97 oz,.28 oz,16.3 oz,.3 oz,.7 oz,7.5 oz ,14.5 oz ,17.5 oz,12.5 oz,11.15 oz,25 oz,19.2 oz,23.5 oz,1 pint 8  oz,1 pint 8 oz,1 pint 3.2 oz,42 oz,1 pint 9.4 oz,1 pint 9 oz,1 pint 0 oz,40 fl oz,20 f oz,15.2fl oz,16 fl oz,15 fl oz,16.9 fl oz,34.40 oz,55 oz,12. fl. oz ,23.7 oz,750 oz,50 oz,23.90 oz, 12 oz,23.99 oz,12.99 oz,30 oz,2.125 oz,425.2/15 oz,18.50 oz,1.875 oz,1.50 oz ,9.25 oz,9.75 oz,9.26 oz,4.76 oz'
WHERE `category_id` = 'YKQ8ASP28HHLCIP';
UPDATE `product_category` SET `is_last_size` = '6 oz'
WHERE `category_id` = 'YKQ8ASP28HHLCIP';
INSERT INTO `product_information` (`product_id`, `product_name`, `short_name`, `category_id`, `brand_id`, `size`, `supplier`, `supplier_id`, `product_details`, `producer`, `Meta_Title`, `Meta_Key`, `Meta_Desc`, `unit`, `quantity`, `abv`, `proof`, `region`, `supplier_price`, `price`, `onsale_price`, `ecomm_sale_price`, `barcode_formats`, `case_UPC`, `barcode_type`, `mpn`, `image_thumb`, `store_promotion_price`, `ecomm_promotion_price`, `status`, `Applicable_CRV`, `Applicable_Tax`, `parent_product`, `is_ecommerce`) VALUES ('UNTO8R9W', 'Akil pro 3', 'Akil pro 3', 'YKQ8ASP28HHLCIP', '5GV3JAUR8NQB8OA', '6 oz', 'lunavo', 'I48V3ZBY5OCORSNYQ13F', '', 'Akil pro 3', 'Akil pro 3', 'Akil pro 3', 'Akil pro 3', '1', '56', '', '', '', '250.00', '250.00', '251.00', '251.00', '', '8858888888', '', '', './uploads/products/600px-No_image_available.svg (2).png', '', '', 1, '1', '1', '', '1');
SET SESSION sql_mode = "";
SET SESSION sql_mode = "";
SET SESSION sql_mode = "";
SET SESSION sql_mode = "";
SET SESSION sql_mode = "";
SET SESSION sql_mode = "";
SET SESSION sql_mode = "";
SET SESSION sql_mode = "";
SET SESSION sql_mode = "";
SET SESSION sql_mode = "";
SET SESSION sql_mode = "";
SET SESSION sql_mode = "";
SET SESSION sql_mode = "";
SET SESSION sql_mode = "";
SET SESSION sql_mode = "";
SET SESSION sql_mode = "";
SET SESSION sql_mode = "";
SET SESSION sql_mode = "";
SET SESSION sql_mode = "";
SET SESSION sql_mode = "";
SET SESSION sql_mode = "";
SET SESSION sql_mode = "";
SET SESSION sql_mode = "";
SET SESSION sql_mode = "";
SET SESSION sql_mode = "";
SET SESSION sql_mode = "";
SET SESSION sql_mode = "";
SET SESSION sql_mode = "";
SET SESSION sql_mode = "";
SET SESSION sql_mode = "";
SET SESSION sql_mode = "";
SET SESSION sql_mode = "";
SET SESSION sql_mode = "";
SET SESSION sql_mode = "";
SET SESSION sql_mode = "";
SET SESSION sql_mode = "";
SET SESSION sql_mode = "";
SET SESSION sql_mode = "";
SET SESSION sql_mode = "";
SET SESSION sql_mode = "";
SET SESSION sql_mode = "";
UPDATE `product_category` SET `measurement_value` = '6 oz,12 oz,13.2 oz,11 oz,13 oz,14 oz,15 oz,16 oz,20 oz,22 oz,24 oz,32 oz,40 oz,19 oz,16.9 oz,28 oz,18 oz,3.5 oz,2.25 oz,3.6 oz,1 oz,2 oz,2.5/8 oz,3 oz,3.5/8 oz,3.1/4 oz,4 oz,4.1/4 oz,5.1/4 oz,7.3/4 oz,8 oz,8.1/2 oz,9.3/4 oz,9.9 oz,12.1/2 oz,0.08 oz,1.2 oz'
WHERE `category_id` = 'YKQ8ASP28HHLCIP';
UPDATE `product_category` SET `is_last_size` = '6 oz'
WHERE `category_id` = 'YKQ8ASP28HHLCIP';
INSERT INTO `product_information` (`product_id`, `product_name`, `short_name`, `category_id`, `brand_id`, `size`, `supplier`, `supplier_id`, `product_details`, `producer`, `Meta_Title`, `Meta_Key`, `Meta_Desc`, `unit`, `quantity`, `abv`, `proof`, `region`, `supplier_price`, `price`, `onsale_price`, `ecomm_sale_price`, `barcode_formats`, `case_UPC`, `barcode_type`, `mpn`, `image_thumb`, `store_promotion_price`, `ecomm_promotion_price`, `status`, `Applicable_CRV`, `Applicable_Tax`, `parent_product`, `is_ecommerce`) VALUES ('KLHONZ4Z', 'Akil pro 4', 'Akil pro 4', 'YKQ8ASP28HHLCIP', 'I5PIBCET6OM3ZVB', '6 oz', NULL, NULL, 'Akil pro 4', '', 'Akil pro 4', 'Akil pro 4', '', '1', '25', '', '', '', '250.00', '250.00', '255.00', '255.00', '', '5466879822136468', '', '', './uploads/products/600px-No_image_available.svg (2).png', '', '', 1, '1', '1', '', '1');
SET SESSION sql_mode = "";
UPDATE `product_category` SET `measurement_value` = '6 oz,12 oz,13.2 oz,11 oz,13 oz,14 oz,15 oz,16 oz,20 oz,22 oz,24 oz,32 oz,40 oz,19 oz,16.9 oz,28 oz,18 oz,3.5 oz,2.25 oz,3.6 oz,1 oz,2 oz,2.5/8 oz,3 oz,3.5/8 oz,3.1/4 oz,4 oz,4.1/4 oz,5.1/4 oz,7.3/4 oz,8 oz,8.1/2 oz,9.3/4 oz,9.9 oz,12.1/2 oz,0.08 oz,1.2 oz'
WHERE `category_id` = 'YKQ8ASP28HHLCIP';
UPDATE `product_category` SET `is_last_size` = '6 oz'
WHERE `category_id` = 'YKQ8ASP28HHLCIP';
INSERT INTO `product_information` (`product_id`, `product_name`, `short_name`, `category_id`, `brand_id`, `size`, `supplier`, `supplier_id`, `product_details`, `producer`, `Meta_Title`, `Meta_Key`, `Meta_Desc`, `unit`, `quantity`, `abv`, `proof`, `region`, `supplier_price`, `price`, `onsale_price`, `ecomm_sale_price`, `barcode_formats`, `case_UPC`, `barcode_type`, `mpn`, `image_thumb`, `store_promotion_price`, `ecomm_promotion_price`, `status`, `Applicable_CRV`, `Applicable_Tax`, `parent_product`, `is_ecommerce`) VALUES ('CWSA8IX3', 'Akil pro 4', 'Akil pro 4', 'YKQ8ASP28HHLCIP', 'I5PIBCET6OM3ZVB', '6 oz', NULL, NULL, 'Akil pro 4', '', 'Akil pro 4', 'Akil pro 4', '', '1', '25', '', '', '', '250.00', '250.00', '255.00', '255.00', '', '5466879822136468', '', '', './uploads/products/600px-No_image_available.svg (2).png', '', '', 1, '1', '1', '', '1');
SET SESSION sql_mode = "";
UPDATE `product_category` SET `measurement_value` = '6 oz,12 oz,13.2 oz,11 oz,13 oz,14 oz,15 oz,16 oz,20 oz,22 oz,24 oz,32 oz,40 oz,19 oz,16.9 oz,28 oz,18 oz,3.5 oz,2.25 oz,3.6 oz,1 oz,2 oz,2.5/8 oz,3 oz,3.5/8 oz,3.1/4 oz,4 oz,4.1/4 oz,5.1/4 oz,7.3/4 oz,8 oz,8.1/2 oz,9.3/4 oz,9.9 oz,12.1/2 oz,0.08 oz,1.2 oz'
WHERE `category_id` = 'YKQ8ASP28HHLCIP';
UPDATE `product_category` SET `is_last_size` = '6 oz'
WHERE `category_id` = 'YKQ8ASP28HHLCIP';
INSERT INTO `product_information` (`product_id`, `product_name`, `short_name`, `category_id`, `brand_id`, `size`, `supplier`, `supplier_id`, `product_details`, `producer`, `Meta_Title`, `Meta_Key`, `Meta_Desc`, `unit`, `quantity`, `abv`, `proof`, `region`, `supplier_price`, `price`, `onsale_price`, `ecomm_sale_price`, `barcode_formats`, `case_UPC`, `barcode_type`, `mpn`, `image_thumb`, `store_promotion_price`, `ecomm_promotion_price`, `status`, `Applicable_CRV`, `Applicable_Tax`, `parent_product`, `is_ecommerce`) VALUES ('V26ZLMFG', 'Akil pro 4', 'Akil pro 4', 'YKQ8ASP28HHLCIP', 'I5PIBCET6OM3ZVB', '6 oz', NULL, NULL, 'Akil pro 4', '', 'Akil pro 4', 'Akil pro 4', '', '1', '25', '', '', '', '250.00', '250.00', '255.00', '255.00', '', '5466879822136468', '', '', './uploads/products/600px-No_image_available.svg (2).png', '', '', 1, '1', '1', '', '1');
SET SESSION sql_mode = "";
UPDATE `product_category` SET `measurement_value` = ','
WHERE `category_id` IS NULL;
INSERT INTO `product_information` (`product_id`, `product_name`, `short_name`, `category_id`, `brand_id`, `size`, `supplier`, `supplier_id`, `product_details`, `producer`, `Meta_Title`, `Meta_Key`, `Meta_Desc`, `unit`, `quantity`, `abv`, `proof`, `region`, `supplier_price`, `price`, `onsale_price`, `ecomm_sale_price`, `barcode_formats`, `case_UPC`, `barcode_type`, `mpn`, `image_thumb`, `store_promotion_price`, `ecomm_promotion_price`, `status`, `Applicable_CRV`, `Applicable_Tax`, `parent_product`, `is_ecommerce`) VALUES ('VEZR45JC', NULL, NULL, '0', 'O8UHHT2JDCAVXMB', NULL, NULL, NULL, NULL, NULL, NULL, NULL, NULL, NULL, NULL, NULL, NULL, NULL, '0.00', '0', NULL, NULL, NULL, NULL, NULL, NULL, './uploads/products/600px-No_image_available.svg (2).png', NULL, NULL, 1, '0', '0', '', '0');
SET SESSION sql_mode = "";
SET SESSION sql_mode = "";
SET SESSION sql_mode = "";
SET SESSION sql_mode = "";
SET SESSION sql_mode = "";
SET SESSION sql_mode = "";
SET SESSION sql_mode = "";
SET SESSION sql_mode = "";
SET SESSION sql_mode = "";
SET SESSION sql_mode = "";
SET SESSION sql_mode = "";
SET SESSION sql_mode = "";
SET SESSION sql_mode = "";
UPDATE `product_category` SET `measurement_value` = '6 oz,12 oz,13.2 oz,11 oz,13 oz,14 oz,15 oz,16 oz,20 oz,22 oz,24 oz,32 oz,40 oz,19 oz,16.9 oz,28 oz,18 oz,3.5 oz,2.25 oz,3.6 oz,1 oz,2 oz,2.5/8 oz,3 oz,3.5/8 oz,3.1/4 oz,4 oz,4.1/4 oz,5.1/4 oz,7.3/4 oz,8 oz,8.1/2 oz,9.3/4 oz,9.9 oz,12.1/2 oz,0.08 oz,1.2 oz'
WHERE `category_id` = 'YKQ8ASP28HHLCIP';
UPDATE `product_category` SET `is_last_size` = '6 oz'
WHERE `category_id` = 'YKQ8ASP28HHLCIP';
INSERT INTO `product_information` (`product_id`, `product_name`, `short_name`, `category_id`, `brand_id`, `size`, `supplier`, `supplier_id`, `product_details`, `producer`, `Meta_Title`, `Meta_Key`, `Meta_Desc`, `unit`, `quantity`, `abv`, `proof`, `region`, `supplier_price`, `price`, `onsale_price`, `ecomm_sale_price`, `barcode_formats`, `case_UPC`, `barcode_type`, `mpn`, `image_thumb`, `store_promotion_price`, `ecomm_promotion_price`, `status`, `Applicable_CRV`, `Applicable_Tax`, `parent_product`, `is_ecommerce`) VALUES ('ES68IM5R', 'Akil pro 5', 'Akil pro ', 'YKQ8ASP28HHLCIP', 'UU9HEWRC2OQTQ1G', '6 oz', 'lunavo', 'I48V3ZBY5OCORSNYQ13F', 'Akil pro 5 Akil pro 5', '', 'Akil pro 5', 'Akil pro 5', 'Akil pro 5', '1', '78', '', '', '', NULL, '0', '25.00', '29.00', '', '65559989', '', '', './uploads/products/600px-No_image_available.svg (2).png', '', '', 1, '1', '1', '', '1');
SET SESSION sql_mode = "";
SET SESSION sql_mode = "";
SET SESSION sql_mode = "";
SET SESSION sql_mode = "";
SET SESSION sql_mode = "";
SET SESSION sql_mode = "";
SET SESSION sql_mode = "";
INSERT INTO `user_timesheet` (`timecard_ID`, `username`, `date`, `user_action`) VALUES ('TC_2222', '22', '2021-06-01', 1);
UPDATE `user_login` SET `clock_in_out` = '1'
WHERE `username` = '22';
SET SESSION sql_mode = "";
INSERT INTO `user_timesheet` (`timecard_ID`, `username`, `date`, `user_action`) VALUES ('TC_2222', '22', '2021-06-01', 2);
UPDATE `user_login` SET `clock_in_out` = '0'
WHERE `username` = '22';
SET SESSION sql_mode = "";
SET SESSION sql_mode = "";
SET SESSION sql_mode = "";
SET SESSION sql_mode = "";
SET SESSION sql_mode = "";
SET SESSION sql_mode = "";
SET SESSION sql_mode = "";
SET SESSION sql_mode = "";
SET SESSION sql_mode = "";
INSERT INTO `user_timesheet` (`timecard_ID`, `username`, `date`, `user_action`) VALUES ('TC_2222', '22', '2021-06-01', 1);
UPDATE `user_login` SET `clock_in_out` = '1'
WHERE `username` = '22';
SET SESSION sql_mode = "";
INSERT INTO `user_timesheet` (`timecard_ID`, `username`, `date`, `user_action`) VALUES ('TC_2222', '22', '2021-06-01', 2);
UPDATE `user_login` SET `clock_in_out` = '0'
WHERE `username` = '22';
SET SESSION sql_mode = "";
SET SESSION sql_mode = "";
SET SESSION sql_mode = "";
SET SESSION sql_mode = "";
SET SESSION sql_mode = "";
SET SESSION sql_mode = "";
SET SESSION sql_mode = "";
SET SESSION sql_mode = "";
SET SESSION sql_mode = "";
SET SESSION sql_mode = "";
INSERT INTO `user_timesheet` (`timecard_ID`, `username`, `date`, `user_action`) VALUES ('TC_2222', '22', '2021-06-01', 1);
UPDATE `user_login` SET `clock_in_out` = '1'
WHERE `username` = '22';
SET SESSION sql_mode = "";
INSERT INTO `user_timesheet` (`timecard_ID`, `username`, `date`, `user_action`) VALUES ('TC_2222', '22', '2021-06-01', 2);
UPDATE `user_login` SET `clock_in_out` = '0'
WHERE `username` = '22';
SET SESSION sql_mode = "";
SET SESSION sql_mode = "";
SET SESSION sql_mode = "";
SET SESSION sql_mode = "";
SET SESSION sql_mode = "";
SET SESSION sql_mode = "";
SET SESSION sql_mode = "";
INSERT INTO `user_timesheet` (`timecard_ID`, `username`, `date`, `user_action`) VALUES ('TC_2222', '22', '2021-06-01', 1);
UPDATE `user_login` SET `clock_in_out` = '1'
WHERE `username` = '22';
SET SESSION sql_mode = "";
SET SESSION sql_mode = "";
SET SESSION sql_mode = "";
SET SESSION sql_mode = "";
SET SESSION sql_mode = "";
SET SESSION sql_mode = "";
SET SESSION sql_mode = "";
INSERT INTO `front_login_session` (`username`, `role_id`, `role_name`, `name`) VALUES ('22', '4', 'Manager', 'Gopal Yadav');
SET SESSION sql_mode = "";
INSERT INTO `front_login_session` (`username`, `role_id`, `role_name`, `name`) VALUES ('22', '4', 'Manager', 'Gopal Yadav');
SET SESSION sql_mode = "";
INSERT INTO `front_login_session` (`username`, `role_id`, `role_name`, `name`) VALUES ('22', '4', 'Manager', 'Gopal Yadav');
SET SESSION sql_mode = "";
SET SESSION sql_mode = "";
SET SESSION sql_mode = "";
SET SESSION sql_mode = "";
SET SESSION sql_mode = "";
SET SESSION sql_mode = "";
SET SESSION sql_mode = "";
SET SESSION sql_mode = "";
SET SESSION sql_mode = "";
SET SESSION sql_mode = "";
SET SESSION sql_mode = "";
SET SESSION sql_mode = "";
SET SESSION sql_mode = "";
SET SESSION sql_mode = "";
SET SESSION sql_mode = "";
SET SESSION sql_mode = "";
SET SESSION sql_mode = "";
SET SESSION sql_mode = "";
SET SESSION sql_mode = "";
SET SESSION sql_mode = "";
SET SESSION sql_mode = "";
SET SESSION sql_mode = "";
SET SESSION sql_mode = "";
SET SESSION sql_mode = "";
SET SESSION sql_mode = "";
SET SESSION sql_mode = "";
SET SESSION sql_mode = "";
SET SESSION sql_mode = "";
SET SESSION sql_mode = "";
SET SESSION sql_mode = "";
SET SESSION sql_mode = "";
SET SESSION sql_mode = "";
SET SESSION sql_mode = "";
SET SESSION sql_mode = "";
SET SESSION sql_mode = "";
INSERT INTO `order` (`order_id`, `customer_id`, `date`, `total_amount`, `order`, `total_discount`, `order_discount`, `service_charge`, `user_id`, `store_id`, `details`, `paid_amount`, `due_amount`, `sale_tax`, `tax_amount`, `container_deposit`, `return_balance`, `is_cash_card`, `status`, `coupon_discount`) VALUES ('BOAPU17IVJNP4KB', 0, '06-01-2021', '35.55', 3393, 0, 0, 0, 0, 0, '', '35.55', '35.55', '0.00', '2.56', '0.00', '0', 1, 1, '0');
INSERT INTO `order_details` (`order_details_id`, `order_id`, `product_id`, `product_name`, `variant_id`, `store_id`, `quantity`, `rate`, `supplier_rate`, `total_price`, `is_combo_apply`, `discount`, `status`) VALUES ('U2BIUKVSDNCVE6O', 'BOAPU17IVJNP4KB', 'GCLRFUHE', 'Akil Pro 1', 0, 0, '1', '32.99', 0, '32.99', '1', 0, 1);
SET SESSION sql_mode = "";
SET SESSION sql_mode = "";
SET SESSION sql_mode = "";
SET SESSION sql_mode = "";
SET SESSION sql_mode = "";
SET SESSION sql_mode = "";
SET SESSION sql_mode = "";
SET SESSION sql_mode = "";
SET SESSION sql_mode = "";
SET SESSION sql_mode = "";
SET SESSION sql_mode = "";
SET SESSION sql_mode = "";
SET SESSION sql_mode = "";
SET SESSION sql_mode = "";
SET SESSION sql_mode = "";
SET SESSION sql_mode = "";
SET SESSION sql_mode = "";
SET SESSION sql_mode = "";
SET SESSION sql_mode = "";
SET SESSION sql_mode = "";
INSERT INTO `front_login_session` (`username`, `role_id`, `role_name`, `name`) VALUES ('22', '4', 'Manager', 'Gopal Yadav');
SET SESSION sql_mode = "";
INSERT INTO `front_login_session` (`username`, `role_id`, `role_name`, `name`) VALUES ('22', '4', 'Manager', 'Gopal Yadav');
SET SESSION sql_mode = "";
INSERT INTO `front_login_session` (`username`, `role_id`, `role_name`, `name`) VALUES ('22', '4', 'Manager', 'Gopal Yadav');
SET SESSION sql_mode = "";
SET SESSION sql_mode = "";
SET SESSION sql_mode = "";
SET SESSION sql_mode = "";
SET SESSION sql_mode = "";
SET SESSION sql_mode = "";
SET SESSION sql_mode = "";
SET SESSION sql_mode = "";
SET SESSION sql_mode = "";
SET SESSION sql_mode = "";
SET SESSION sql_mode = "";
SET SESSION sql_mode = "";
SET SESSION sql_mode = "";
SET SESSION sql_mode = "";
SET SESSION sql_mode = "";
SET SESSION sql_mode = "";
SET SESSION sql_mode = "";
SET SESSION sql_mode = "";
INSERT INTO `order` (`order_id`, `customer_id`, `date`, `total_amount`, `order`, `total_discount`, `order_discount`, `service_charge`, `user_id`, `store_id`, `details`, `paid_amount`, `due_amount`, `sale_tax`, `tax_amount`, `container_deposit`, `return_balance`, `is_cash_card`, `status`, `coupon_discount`) VALUES ('Y85VPK2PAE59QVL', 0, '06-01-2021', '26.99', 3394, 0, 0, 0, 0, 0, '', '26.99', '26.99', '0.00', '1.94', '0.05', '0', 1, 1, '0');
INSERT INTO `order_details` (`order_details_id`, `order_id`, `product_id`, `product_name`, `variant_id`, `store_id`, `quantity`, `rate`, `supplier_rate`, `total_price`, `is_combo_apply`, `discount`, `status`) VALUES ('MTDHU1ZJVZW75GU', 'Y85VPK2PAE59QVL', 'ES68IM5R', 'Akil pro 5', 0, 0, '1', '25', 0, '25', '1', 0, 1);
SET SESSION sql_mode = "";
INSERT INTO `order` (`order_id`, `customer_id`, `date`, `total_amount`, `order`, `total_discount`, `order_discount`, `service_charge`, `user_id`, `store_id`, `details`, `paid_amount`, `due_amount`, `sale_tax`, `tax_amount`, `container_deposit`, `return_balance`, `is_cash_card`, `status`, `coupon_discount`) VALUES ('MF7WITZOD66JQ2V', 0, '06-01-2021', '26.99', 3395, 0, 0, 0, 0, 0, '', '26.99', '26.99', '0.00', '1.94', '0.05', '0', 1, 1, '0');
INSERT INTO `order_details` (`order_details_id`, `order_id`, `product_id`, `product_name`, `variant_id`, `store_id`, `quantity`, `rate`, `supplier_rate`, `total_price`, `is_combo_apply`, `discount`, `status`) VALUES ('M4IW6ZX9XRIEQNV', 'MF7WITZOD66JQ2V', 'ES68IM5R', 'Akil pro 5', 0, 0, '1', '25', 0, '25', '1', 0, 1);
SET SESSION sql_mode = "";
INSERT INTO `order` (`order_id`, `customer_id`, `date`, `total_amount`, `order`, `total_discount`, `order_discount`, `service_charge`, `user_id`, `store_id`, `details`, `paid_amount`, `due_amount`, `sale_tax`, `tax_amount`, `container_deposit`, `return_balance`, `is_cash_card`, `status`, `coupon_discount`) VALUES ('XYU1RQ2C4XLC8BC', 0, '06-01-2021', '26.99', 3396, 0, 0, 0, 0, 0, '', '26.99', '26.99', '0.00', '1.94', '0.05', '3', 1, 1, '0');
INSERT INTO `order_details` (`order_details_id`, `order_id`, `product_id`, `product_name`, `variant_id`, `store_id`, `quantity`, `rate`, `supplier_rate`, `total_price`, `is_combo_apply`, `discount`, `status`) VALUES ('L3QWT5HT3KH7IFO', 'XYU1RQ2C4XLC8BC', 'ES68IM5R', 'Akil pro 5', 0, 0, '1', '25', 0, '25', '1', 0, 1);
SET SESSION sql_mode = "";
INSERT INTO `order` (`order_id`, `customer_id`, `date`, `total_amount`, `order`, `total_discount`, `order_discount`, `service_charge`, `user_id`, `store_id`, `details`, `paid_amount`, `due_amount`, `sale_tax`, `tax_amount`, `container_deposit`, `return_balance`, `is_cash_card`, `status`, `coupon_discount`) VALUES ('Q12R2RUL6283FB3', 0, '06-01-2021', '26.99', 3397, 0, 0, 0, 0, 0, '', '26.99', '26.99', '0.00', '1.94', '0.05', '3', 1, 1, '0');
INSERT INTO `order_details` (`order_details_id`, `order_id`, `product_id`, `product_name`, `variant_id`, `store_id`, `quantity`, `rate`, `supplier_rate`, `total_price`, `is_combo_apply`, `discount`, `status`) VALUES ('N9H19AD4VNX57QF', 'Q12R2RUL6283FB3', 'ES68IM5R', 'Akil pro 5', 0, 0, '1', '25', 0, '25', '1', 0, 1);
SET SESSION sql_mode = "";
INSERT INTO `order` (`order_id`, `customer_id`, `date`, `total_amount`, `order`, `total_discount`, `order_discount`, `service_charge`, `user_id`, `store_id`, `details`, `paid_amount`, `due_amount`, `sale_tax`, `tax_amount`, `container_deposit`, `return_balance`, `is_cash_card`, `status`, `coupon_discount`) VALUES ('IO4NNWES5PM85MY', 0, '06-01-2021', '26.99', 3398, 0, 0, 0, 0, 0, '', '26.99', '26.99', '0.00', '1.94', '0.05', '0', 1, 1, '0');
INSERT INTO `order_details` (`order_details_id`, `order_id`, `product_id`, `product_name`, `variant_id`, `store_id`, `quantity`, `rate`, `supplier_rate`, `total_price`, `is_combo_apply`, `discount`, `status`) VALUES ('CU92KNKRX1LTCGQ', 'IO4NNWES5PM85MY', 'ES68IM5R', 'Akil pro 5', 0, 0, '1', '25', 0, '25', '1', 0, 1);
SET SESSION sql_mode = "";
SET SESSION sql_mode = "";
SET SESSION sql_mode = "";
SET SESSION sql_mode = "";
SET SESSION sql_mode = "";
SET SESSION sql_mode = "";
SET SESSION sql_mode = "";
SET SESSION sql_mode = "";
SET SESSION sql_mode = "";
SET SESSION sql_mode = "";
SET SESSION sql_mode = "";
INSERT INTO `user_timesheet` (`timecard_ID`, `username`, `date`, `user_action`) VALUES ('TC_2222', '22', '2021-06-01', 1);
UPDATE `user_login` SET `clock_in_out` = '1'
WHERE `username` = '22';
SET SESSION sql_mode = "";
SET SESSION sql_mode = "";
SET SESSION sql_mode = "";
SET SESSION sql_mode = "";
SET SESSION sql_mode = "";
SET SESSION sql_mode = "";
SET SESSION sql_mode = "";
INSERT INTO `front_login_session` (`username`, `role_id`, `role_name`, `name`) VALUES ('22', '4', 'Manager', 'Gopal Yadav');
SET SESSION sql_mode = "";
INSERT INTO `front_login_session` (`username`, `role_id`, `role_name`, `name`) VALUES ('22', '4', 'Manager', 'Gopal Yadav');
SET SESSION sql_mode = "";
INSERT INTO `front_login_session` (`username`, `role_id`, `role_name`, `name`) VALUES ('22', '4', 'Manager', 'Gopal Yadav');
SET SESSION sql_mode = "";
SET SESSION sql_mode = "";
SET SESSION sql_mode = "";
SET SESSION sql_mode = "";
SET SESSION sql_mode = "";
SET SESSION sql_mode = "";
SET SESSION sql_mode = "";
SET SESSION sql_mode = "";
SET SESSION sql_mode = "";
SET SESSION sql_mode = "";
SET SESSION sql_mode = "";
SET SESSION sql_mode = "";
SET SESSION sql_mode = "";
SET SESSION sql_mode = "";
SET SESSION sql_mode = "";
SET SESSION sql_mode = "";
SET SESSION sql_mode = "";
SET SESSION sql_mode = "";
SET SESSION sql_mode = "";
SET SESSION sql_mode = "";
SET SESSION sql_mode = "";
SET SESSION sql_mode = "";
SET SESSION sql_mode = "";
SET SESSION sql_mode = "";
SET SESSION sql_mode = "";
SET SESSION sql_mode = "";
SET SESSION sql_mode = "";
SET SESSION sql_mode = "";
SET SESSION sql_mode = "";
SET SESSION sql_mode = "";
SET SESSION sql_mode = "";
SET SESSION sql_mode = "";
